filename,fold,target,category,esc10,src_file,take,label
4-132383-A-2.wav,4,2,pig,False,132383,A,0
4-181707-A-32.wav,4,32,keyboard_typing,False,181707,A,0
2-110011-A-5.wav,2,5,cat,False,110011,A,0
5-177957-B-40.wav,5,40,helicopter,True,177957,B,0
3-151557-B-28.wav,3,28,snoring,False,151557,B,0
5-179496-A-16.wav,5,16,wind,False,179496,A,0
4-147240-A-2.wav,4,2,pig,False,147240,A,0
2-67422-A-18.wav,2,18,toilet_flush,False,67422,A,1
5-234263-A-25.wav,5,25,footsteps,False,234263,A,0
4-188293-B-15.wav,4,15,water_drops,False,188293,B,1
3-253084-A-2.wav,3,2,pig,False,253084,A,0
1-51433-A-17.wav,1,17,pouring_water,False,51433,A,1
5-198278-B-7.wav,5,7,insects,False,198278,B,0
3-110913-D-7.wav,3,7,insects,False,110913,D,0
5-188945-A-45.wav,5,45,train,False,188945,A,0
4-204683-A-31.wav,4,31,mouse_click,False,204683,A,0
1-68734-A-34.wav,1,34,can_opening,False,68734,A,1
4-180380-A-10.wav,4,10,rain,True,180380,A,0
4-133674-A-26.wav,4,26,laughing,False,133674,A,0
5-257839-A-14.wav,5,14,chirping_birds,False,257839,A,0
5-209698-A-38.wav,5,38,clock_tick,True,209698,A,0
3-155579-A-14.wav,3,14,chirping_birds,False,155579,A,0
2-100786-A-1.wav,2,1,rooster,True,100786,A,0
2-120586-A-6.wav,2,6,hen,False,120586,A,0
1-56233-A-9.wav,1,9,crow,False,56233,A,0
5-207836-C-29.wav,5,29,drinking_sipping,False,207836,C,1
4-161100-A-47.wav,4,47,airplane,False,161100,A,0
4-99644-B-4.wav,4,4,frog,False,99644,B,0
1-58923-A-27.wav,1,27,brushing_teeth,False,58923,A,1
2-74977-A-18.wav,2,18,toilet_flush,False,74977,A,1
2-96033-A-13.wav,2,13,crickets,False,96033,A,0
3-180256-A-0.wav,3,0,dog,True,180256,A,0
5-243783-A-44.wav,5,44,engine,False,243783,A,0
5-160614-D-48.wav,5,48,fireworks,False,160614,D,0
4-218199-G-35.wav,4,35,washing_machine,False,218199,G,1
4-188703-C-8.wav,4,8,sheep,False,188703,C,0
5-147297-A-27.wav,5,27,brushing_teeth,False,147297,A,1
2-72547-C-14.wav,2,14,chirping_birds,False,72547,C,0
2-158746-D-2.wav,2,2,pig,False,158746,D,0
4-196672-A-8.wav,4,8,sheep,False,196672,A,0
4-164661-A-12.wav,4,12,crackling_fire,True,164661,A,1
3-115387-B-47.wav,3,47,airplane,False,115387,B,0
2-140841-A-30.wav,2,30,door_wood_knock,False,140841,A,0
3-102583-B-49.wav,3,49,hand_saw,False,102583,B,0
4-182034-A-30.wav,4,30,door_wood_knock,False,182034,A,0
4-156844-A-21.wav,4,21,sneezing,True,156844,A,0
3-164595-A-15.wav,3,15,water_drops,False,164595,A,1
1-40730-A-1.wav,1,1,rooster,True,40730,A,0
3-170312-A-31.wav,3,31,mouse_click,False,170312,A,0
4-218199-C-35.wav,4,35,washing_machine,False,218199,C,1
4-185613-A-32.wav,4,32,keyboard_typing,False,185613,A,0
4-185575-C-20.wav,4,20,crying_baby,True,185575,C,0
3-203371-A-39.wav,3,39,glass_breaking,False,203371,A,1
2-84965-A-23.wav,2,23,breathing,False,84965,A,0
4-187504-A-17.wav,4,17,pouring_water,False,187504,A,1
1-115545-B-48.wav,1,48,fireworks,False,115545,B,0
5-180156-C-43.wav,5,43,car_horn,False,180156,C,0
2-120333-A-32.wav,2,32,keyboard_typing,False,120333,A,0
2-109371-A-16.wav,2,16,wind,False,109371,A,0
3-126358-A-3.wav,3,3,cow,False,126358,A,0
2-125966-A-11.wav,2,11,sea_waves,True,125966,A,0
2-126433-A-17.wav,2,17,pouring_water,False,126433,A,1
5-243773-A-44.wav,5,44,engine,False,243773,A,0
3-139109-A-46.wav,3,46,church_bells,False,139109,A,0
1-33658-A-26.wav,1,26,laughing,False,33658,A,0
5-197121-A-45.wav,5,45,train,False,197121,A,0
1-30830-A-24.wav,1,24,coughing,False,30830,A,0
3-151080-A-20.wav,3,20,crying_baby,True,151080,A,0
2-57191-A-46.wav,2,46,church_bells,False,57191,A,0
4-182613-B-11.wav,4,11,sea_waves,True,182613,B,0
1-15689-B-4.wav,1,4,frog,False,15689,B,0
5-235593-A-23.wav,5,23,breathing,False,235593,A,0
5-160614-F-48.wav,5,48,fireworks,False,160614,F,0
3-161500-A-17.wav,3,17,pouring_water,False,161500,A,1
2-130978-A-21.wav,2,21,sneezing,True,130978,A,0
2-95035-A-1.wav,2,1,rooster,True,95035,A,0
4-119648-D-48.wav,4,48,fireworks,False,119648,D,0
5-243459-B-14.wav,5,14,chirping_birds,False,243459,B,0
5-221567-A-22.wav,5,22,clapping,False,221567,A,0
5-250629-A-37.wav,5,37,clock_alarm,False,250629,A,0
2-110614-A-8.wav,2,8,sheep,False,110614,A,0
5-248341-B-6.wav,5,6,hen,False,248341,B,0
2-87282-A-34.wav,2,34,can_opening,False,87282,A,1
3-158056-B-31.wav,3,31,mouse_click,False,158056,B,0
5-160614-A-48.wav,5,48,fireworks,False,160614,A,0
3-152007-B-20.wav,3,20,crying_baby,True,152007,B,0
5-221568-A-22.wav,5,22,clapping,False,221568,A,0
3-154926-A-40.wav,3,40,helicopter,True,154926,A,0
5-241846-A-15.wav,5,15,water_drops,False,241846,A,1
4-102871-A-42.wav,4,42,siren,False,102871,A,0
4-194754-A-0.wav,4,0,dog,True,194754,A,0
5-177614-A-5.wav,5,5,cat,False,177614,A,0
3-108451-B-17.wav,3,17,pouring_water,False,108451,B,1
5-210612-A-37.wav,5,37,clock_alarm,False,210612,A,0
1-75162-A-9.wav,1,9,crow,False,75162,A,0
1-56907-A-46.wav,1,46,church_bells,False,56907,A,0
2-128465-A-43.wav,2,43,car_horn,False,128465,A,0
1-85362-A-0.wav,1,0,dog,True,85362,A,0
5-232816-A-23.wav,5,23,breathing,False,232816,A,0
2-99955-C-7.wav,2,7,insects,False,99955,C,0
2-188822-D-40.wav,2,40,helicopter,True,188822,D,0
3-159346-B-36.wav,3,36,vacuum_cleaner,False,159346,B,1
5-204352-A-13.wav,5,13,crickets,False,204352,A,0
1-25777-A-48.wav,1,48,fireworks,False,25777,A,0
5-194899-A-3.wav,5,3,cow,False,194899,A,0
2-96460-A-1.wav,2,1,rooster,True,96460,A,0
2-88724-A-38.wav,2,38,clock_tick,True,88724,A,0
4-175855-A-43.wav,4,43,car_horn,False,175855,A,0
5-195518-A-7.wav,5,7,insects,False,195518,A,0
4-133047-B-5.wav,4,5,cat,False,133047,B,0
2-188822-C-40.wav,2,40,helicopter,True,188822,C,0
1-63679-A-24.wav,1,24,coughing,False,63679,A,0
3-58772-A-42.wav,3,42,siren,False,58772,A,0
1-13571-A-46.wav,1,46,church_bells,False,13571,A,0
3-142349-A-17.wav,3,17,pouring_water,False,142349,A,1
5-195710-A-10.wav,5,10,rain,True,195710,A,0
1-52266-A-24.wav,1,24,coughing,False,52266,A,0
3-119120-C-48.wav,3,48,fireworks,False,119120,C,0
3-115387-C-47.wav,3,47,airplane,False,115387,C,0
2-119102-A-21.wav,2,21,sneezing,True,119102,A,0
3-108160-A-23.wav,3,23,breathing,False,108160,A,0
2-87780-A-33.wav,2,33,door_wood_creaks,False,87780,A,0
1-9886-A-49.wav,1,49,hand_saw,False,9886,A,0
3-118658-A-41.wav,3,41,chainsaw,True,118658,A,0
4-251645-A-49.wav,4,49,hand_saw,False,251645,A,0
5-251971-A-47.wav,5,47,airplane,False,251971,A,0
3-203375-A-39.wav,3,39,glass_breaking,False,203375,A,1
5-181766-A-10.wav,5,10,rain,True,181766,A,0
1-31482-A-42.wav,1,42,siren,False,31482,A,0
5-202220-A-21.wav,5,21,sneezing,True,202220,A,0
4-59579-A-20.wav,4,20,crying_baby,True,59579,A,0
2-72970-A-10.wav,2,10,rain,True,72970,A,0
5-254160-A-22.wav,5,22,clapping,False,254160,A,0
5-194932-A-7.wav,5,7,insects,False,194932,A,0
4-171823-A-13.wav,4,13,crickets,False,171823,A,0
4-195305-A-31.wav,4,31,mouse_click,False,195305,A,0
3-155130-A-43.wav,3,43,car_horn,False,155130,A,0
5-221878-A-34.wav,5,34,can_opening,False,221878,A,1
1-100210-A-36.wav,1,36,vacuum_cleaner,False,100210,A,1
3-100024-A-27.wav,3,27,brushing_teeth,False,100024,A,1
2-37870-A-2.wav,2,2,pig,False,37870,A,0
3-104761-A-7.wav,3,7,insects,False,104761,A,0
1-18527-B-44.wav,1,44,engine,False,18527,B,0
2-103426-A-3.wav,2,3,cow,False,103426,A,0
1-31836-A-4.wav,1,4,frog,False,31836,A,0
5-177957-C-40.wav,5,40,helicopter,True,177957,C,0
3-142593-A-38.wav,3,38,clock_tick,True,142593,A,0
2-82455-A-23.wav,2,23,breathing,False,82455,A,0
2-157488-A-6.wav,2,6,hen,False,157488,A,0
4-204777-C-39.wav,4,39,glass_breaking,False,204777,C,1
2-100648-A-43.wav,2,43,car_horn,False,100648,A,0
1-96890-A-37.wav,1,37,clock_alarm,False,96890,A,0
5-263490-A-25.wav,5,25,footsteps,False,263490,A,0
3-87936-B-46.wav,3,46,church_bells,False,87936,B,0
1-80840-A-13.wav,1,13,crickets,False,80840,A,0
3-121348-A-9.wav,3,9,crow,False,121348,A,0
2-141682-B-36.wav,2,36,vacuum_cleaner,False,141682,B,1
1-208757-A-2.wav,1,2,pig,False,208757,A,0
3-171937-A-34.wav,3,34,can_opening,False,171937,A,1
5-223810-A-35.wav,5,35,washing_machine,False,223810,A,1
1-54065-B-45.wav,1,45,train,False,54065,B,0
4-200330-A-6.wav,4,6,hen,False,200330,A,0
5-243773-B-44.wav,5,44,engine,False,243773,B,0
5-185908-A-18.wav,5,18,toilet_flush,False,185908,A,1
1-27166-A-35.wav,1,35,washing_machine,False,27166,A,1
4-157296-A-24.wav,4,24,coughing,False,157296,A,0
3-151557-A-28.wav,3,28,snoring,False,151557,A,0
4-188703-B-8.wav,4,8,sheep,False,188703,B,0
5-198411-E-20.wav,5,20,crying_baby,True,198411,E,0
5-203128-A-0.wav,5,0,dog,True,203128,A,0
3-174840-A-43.wav,3,43,car_horn,False,174840,A,0
5-234145-A-28.wav,5,28,snoring,False,234145,A,0
5-237795-A-34.wav,5,34,can_opening,False,237795,A,1
2-54962-A-23.wav,2,23,breathing,False,54962,A,0
3-134699-C-16.wav,3,16,wind,False,134699,C,0
5-243025-A-25.wav,5,25,footsteps,False,243025,A,0
4-119648-C-48.wav,4,48,fireworks,False,119648,C,0
4-189332-A-37.wav,4,37,clock_alarm,False,189332,A,0
4-167155-A-32.wav,4,32,keyboard_typing,False,167155,A,0
4-216349-A-34.wav,4,34,can_opening,False,216349,A,1
2-118104-A-21.wav,2,21,sneezing,True,118104,A,0
5-221950-A-22.wav,5,22,clapping,False,221950,A,0
5-215179-A-13.wav,5,13,crickets,False,215179,A,0
1-38560-A-14.wav,1,14,chirping_birds,False,38560,A,0
2-118817-A-32.wav,2,32,keyboard_typing,False,118817,A,0
2-102414-A-17.wav,2,17,pouring_water,False,102414,A,1
2-118964-A-0.wav,2,0,dog,True,118964,A,0
2-50667-B-41.wav,2,41,chainsaw,True,50667,B,0
4-161103-A-47.wav,4,47,airplane,False,161103,A,0
3-141240-B-44.wav,3,44,engine,False,141240,B,0
1-16568-A-3.wav,1,3,cow,False,16568,A,0
5-215447-A-47.wav,5,47,airplane,False,215447,A,0
1-41615-A-34.wav,1,34,can_opening,False,41615,A,1
2-69131-B-5.wav,2,5,cat,False,69131,B,0
2-114587-A-0.wav,2,0,dog,True,114587,A,0
5-198411-A-20.wav,5,20,crying_baby,True,198411,A,0
4-111671-B-42.wav,4,42,siren,False,111671,B,0
3-144891-B-19.wav,3,19,thunderstorm,False,144891,B,0
5-156026-D-4.wav,5,4,frog,False,156026,D,0
3-156391-A-35.wav,3,35,washing_machine,False,156391,A,1
5-254832-B-15.wav,5,15,water_drops,False,254832,B,1
3-185313-A-31.wav,3,31,mouse_click,False,185313,A,0
2-7321-A-33.wav,2,33,door_wood_creaks,False,7321,A,0
1-60676-A-34.wav,1,34,can_opening,False,60676,A,1
2-56926-A-46.wav,2,46,church_bells,False,56926,A,0
2-139748-B-15.wav,2,15,water_drops,False,139748,B,1
2-120587-A-6.wav,2,6,hen,False,120587,A,0
5-207681-A-24.wav,5,24,coughing,False,207681,A,0
4-172143-A-13.wav,4,13,crickets,False,172143,A,0
5-263775-A-26.wav,5,26,laughing,False,263775,A,0
5-194899-C-3.wav,5,3,cow,False,194899,C,0
4-180337-A-28.wav,4,28,snoring,False,180337,A,0
2-106849-A-47.wav,2,47,airplane,False,106849,A,0
2-166644-A-2.wav,2,2,pig,False,166644,A,0
1-79236-A-36.wav,1,36,vacuum_cleaner,False,79236,A,1
3-143560-A-47.wav,3,47,airplane,False,143560,A,0
1-51436-A-17.wav,1,17,pouring_water,False,51436,A,1
5-198411-F-20.wav,5,20,crying_baby,True,198411,F,0
5-257349-A-15.wav,5,15,water_drops,False,257349,A,1
2-117615-C-48.wav,2,48,fireworks,False,117615,C,0
2-103428-A-3.wav,2,3,cow,False,103428,A,0
2-81270-A-1.wav,2,1,rooster,True,81270,A,0
1-75189-A-7.wav,1,7,insects,False,75189,A,0
4-186938-A-44.wav,4,44,engine,False,186938,A,0
3-130998-A-28.wav,3,28,snoring,False,130998,A,0
2-134700-A-38.wav,2,38,clock_tick,True,134700,A,0
4-125929-A-40.wav,4,40,helicopter,True,125929,A,0
3-257858-A-2.wav,3,2,pig,False,257858,A,0
4-198360-A-49.wav,4,49,hand_saw,False,198360,A,0
5-253094-D-49.wav,5,49,hand_saw,False,253094,D,0
1-96950-A-9.wav,1,9,crow,False,96950,A,0
3-155568-A-32.wav,3,32,keyboard_typing,False,155568,A,0
1-202111-A-3.wav,1,3,cow,False,202111,A,0
2-91912-A-33.wav,2,33,door_wood_creaks,False,91912,A,0
1-223162-A-25.wav,1,25,footsteps,False,223162,A,0
1-64398-A-41.wav,1,41,chainsaw,True,64398,A,0
1-51805-H-33.wav,1,33,door_wood_creaks,False,51805,H,0
4-199261-A-0.wav,4,0,dog,True,199261,A,0
1-16746-A-15.wav,1,15,water_drops,False,16746,A,1
3-118059-A-18.wav,3,18,toilet_flush,False,118059,A,1
2-141563-A-39.wav,2,39,glass_breaking,False,141563,A,1
2-134915-A-30.wav,2,30,door_wood_knock,False,134915,A,0
3-132830-A-32.wav,3,32,keyboard_typing,False,132830,A,0
2-102414-G-17.wav,2,17,pouring_water,False,102414,G,1
3-144891-A-19.wav,3,19,thunderstorm,False,144891,A,0
2-104105-B-19.wav,2,19,thunderstorm,False,104105,B,0
3-152020-C-36.wav,3,36,vacuum_cleaner,False,152020,C,1
2-18766-A-12.wav,2,12,crackling_fire,True,18766,A,1
4-144083-A-16.wav,4,16,wind,False,144083,A,0
3-126391-B-27.wav,3,27,brushing_teeth,False,126391,B,1
4-198965-A-38.wav,4,38,clock_tick,True,198965,A,0
1-46938-B-7.wav,1,7,insects,False,46938,B,0
4-160999-A-10.wav,4,10,rain,True,160999,A,0
3-164216-A-6.wav,3,6,hen,False,164216,A,0
1-27405-A-28.wav,1,28,snoring,False,27405,A,0
5-234879-B-1.wav,5,1,rooster,True,234879,B,0
4-156843-A-21.wav,4,21,sneezing,True,156843,A,0
5-198278-A-7.wav,5,7,insects,False,198278,A,0
4-185619-A-21.wav,4,21,sneezing,True,185619,A,0
2-28314-B-12.wav,2,12,crackling_fire,True,28314,B,1
3-141684-A-21.wav,3,21,sneezing,True,141684,A,0
1-36929-A-47.wav,1,47,airplane,False,36929,A,0
3-132852-A-10.wav,3,10,rain,True,132852,A,0
2-59566-A-46.wav,2,46,church_bells,False,59566,A,0
1-88409-B-45.wav,1,45,train,False,88409,B,0
1-172649-E-40.wav,1,40,helicopter,True,172649,E,0
5-205898-A-40.wav,5,40,helicopter,True,205898,A,0
4-174860-A-3.wav,4,3,cow,False,174860,A,0
1-103999-A-30.wav,1,30,door_wood_knock,False,103999,A,0
3-253084-D-2.wav,3,2,pig,False,253084,D,0
2-153388-A-31.wav,2,31,mouse_click,False,153388,A,0
3-136451-A-45.wav,3,45,train,False,136451,A,0
2-102414-B-17.wav,2,17,pouring_water,False,102414,B,1
3-145774-A-12.wav,3,12,crackling_fire,True,145774,A,1
5-221529-A-39.wav,5,39,glass_breaking,False,221529,A,1
1-51170-A-18.wav,1,18,toilet_flush,False,51170,A,1
2-132157-A-11.wav,2,11,sea_waves,True,132157,A,0
4-198025-A-23.wav,4,23,breathing,False,198025,A,0
1-85123-A-31.wav,1,31,mouse_click,False,85123,A,0
2-104877-A-3.wav,2,3,cow,False,104877,A,0
3-178096-A-6.wav,3,6,hen,False,178096,A,0
1-72229-B-6.wav,1,6,hen,False,72229,B,0
2-93030-A-21.wav,2,21,sneezing,True,93030,A,0
5-216370-A-41.wav,5,41,chainsaw,True,216370,A,0
4-187769-A-14.wav,4,14,chirping_birds,False,187769,A,0
2-122066-B-45.wav,2,45,train,False,122066,B,0
5-160614-C-48.wav,5,48,fireworks,False,160614,C,0
4-193480-B-40.wav,4,40,helicopter,True,193480,B,0
3-132340-A-37.wav,3,37,clock_alarm,False,132340,A,0
3-92637-A-18.wav,3,18,toilet_flush,False,92637,A,1
2-139749-A-15.wav,2,15,water_drops,False,139749,A,1
2-102435-A-37.wav,2,37,clock_alarm,False,102435,A,0
3-125548-A-32.wav,3,32,keyboard_typing,False,125548,A,0
1-19111-A-24.wav,1,24,coughing,False,19111,A,0
2-182508-A-8.wav,2,8,sheep,False,182508,A,0
3-187549-A-6.wav,3,6,hen,False,187549,A,0
4-183882-B-28.wav,4,28,snoring,False,183882,B,0
2-158746-B-2.wav,2,2,pig,False,158746,B,0
4-171396-A-24.wav,4,24,coughing,False,171396,A,0
2-79769-A-26.wav,2,26,laughing,False,79769,A,0
1-48413-A-38.wav,1,38,clock_tick,True,48413,A,0
3-152020-B-36.wav,3,36,vacuum_cleaner,False,152020,B,1
1-57316-A-13.wav,1,13,crickets,False,57316,A,0
1-23222-B-19.wav,1,19,thunderstorm,False,23222,B,0
3-127874-A-17.wav,3,17,pouring_water,False,127874,A,1
2-117615-D-48.wav,2,48,fireworks,False,117615,D,0
3-70962-A-4.wav,3,4,frog,False,70962,A,0
5-191131-A-40.wav,5,40,helicopter,True,191131,A,0
4-165813-A-19.wav,4,19,thunderstorm,False,165813,A,0
3-197435-A-22.wav,3,22,clapping,False,197435,A,0
2-135649-C-45.wav,2,45,train,False,135649,C,0
2-184077-A-49.wav,2,49,hand_saw,False,184077,A,0
1-52323-A-24.wav,1,24,coughing,False,52323,A,0
3-133977-A-29.wav,3,29,drinking_sipping,False,133977,A,1
1-172649-F-40.wav,1,40,helicopter,True,172649,F,0
1-34119-A-1.wav,1,1,rooster,True,34119,A,0
3-246513-B-16.wav,3,16,wind,False,246513,B,0
5-198891-C-8.wav,5,8,sheep,False,198891,C,0
2-50668-A-41.wav,2,41,chainsaw,True,50668,A,0
5-61635-A-8.wav,5,8,sheep,False,61635,A,0
2-110613-A-13.wav,2,13,crickets,False,110613,A,0
5-251489-A-24.wav,5,24,coughing,False,251489,A,0
1-76831-E-42.wav,1,42,siren,False,76831,E,0
4-126046-A-18.wav,4,18,toilet_flush,False,126046,A,1
5-160614-E-48.wav,5,48,fireworks,False,160614,E,0
3-193767-A-47.wav,3,47,airplane,False,193767,A,0
1-88807-A-39.wav,1,39,glass_breaking,False,88807,A,1
1-54918-A-14.wav,1,14,chirping_birds,False,54918,A,0
4-183882-A-28.wav,4,28,snoring,False,183882,A,0
1-181071-A-40.wav,1,40,helicopter,True,181071,A,0
4-172500-D-27.wav,4,27,brushing_teeth,False,172500,D,1
2-81112-A-34.wav,2,34,can_opening,False,81112,A,1
3-103401-D-33.wav,3,33,door_wood_creaks,False,103401,D,0
4-149294-B-41.wav,4,41,chainsaw,True,149294,B,0
4-250869-A-2.wav,4,2,pig,False,250869,A,0
3-246513-A-16.wav,3,16,wind,False,246513,A,0
4-177250-A-10.wav,4,10,rain,True,177250,A,0
1-77241-A-3.wav,1,3,cow,False,77241,A,0
3-68630-A-40.wav,3,40,helicopter,True,68630,A,0
5-260434-A-39.wav,5,39,glass_breaking,False,260434,A,1
5-237499-A-4.wav,5,4,frog,False,237499,A,0
3-93010-A-18.wav,3,18,toilet_flush,False,93010,A,1
1-56311-A-10.wav,1,10,rain,True,56311,A,0
3-153057-A-43.wav,3,43,car_horn,False,153057,A,0
4-164661-B-12.wav,4,12,crackling_fire,True,164661,B,1
5-260433-A-39.wav,5,39,glass_breaking,False,260433,A,1
2-99796-A-32.wav,2,32,keyboard_typing,False,99796,A,0
4-186936-A-44.wav,4,44,engine,False,186936,A,0
4-161303-A-5.wav,4,5,cat,False,161303,A,0
5-244327-A-34.wav,5,34,can_opening,False,244327,A,1
2-76408-D-22.wav,2,22,clapping,False,76408,D,0
3-152007-C-20.wav,3,20,crying_baby,True,152007,C,0
2-39945-C-19.wav,2,19,thunderstorm,False,39945,C,0
5-198411-D-20.wav,5,20,crying_baby,True,198411,D,0
1-260640-A-2.wav,1,2,pig,False,260640,A,0
1-17565-A-12.wav,1,12,crackling_fire,True,17565,A,1
3-124376-A-3.wav,3,3,cow,False,124376,A,0
1-19898-C-41.wav,1,41,chainsaw,True,19898,C,0
3-154957-A-1.wav,3,1,rooster,True,154957,A,0
2-50774-A-23.wav,2,23,breathing,False,50774,A,0
4-188703-A-8.wav,4,8,sheep,False,188703,A,0
2-72677-A-18.wav,2,18,toilet_flush,False,72677,A,1
5-253101-C-49.wav,5,49,hand_saw,False,253101,C,0
5-181458-A-33.wav,5,33,door_wood_creaks,False,181458,A,0
5-117120-A-42.wav,5,42,siren,False,117120,A,0
2-107351-B-20.wav,2,20,crying_baby,True,107351,B,0
5-208810-B-11.wav,5,11,sea_waves,True,208810,B,0
3-151212-A-24.wav,3,24,coughing,False,151212,A,0
3-118657-A-41.wav,3,41,chainsaw,True,118657,A,0
4-181628-A-17.wav,4,17,pouring_water,False,181628,A,1
1-24796-A-47.wav,1,47,airplane,False,24796,A,0
3-103051-C-19.wav,3,19,thunderstorm,False,103051,C,0
2-59321-A-49.wav,2,49,hand_saw,False,59321,A,0
1-28135-B-11.wav,1,11,sea_waves,True,28135,B,0
3-155577-A-14.wav,3,14,chirping_birds,False,155577,A,0
4-204612-A-31.wav,4,31,mouse_click,False,204612,A,0
2-37806-D-40.wav,2,40,helicopter,True,37806,D,0
3-145487-A-24.wav,3,24,coughing,False,145487,A,0
4-176638-A-43.wav,4,43,car_horn,False,176638,A,0
3-134049-A-1.wav,3,1,rooster,True,134049,A,0
4-205526-B-23.wav,4,23,breathing,False,205526,B,0
2-85139-A-13.wav,2,13,crickets,False,85139,A,0
3-139958-A-37.wav,3,37,clock_alarm,False,139958,A,0
2-110614-B-8.wav,2,8,sheep,False,110614,B,0
2-117795-A-3.wav,2,3,cow,False,117795,A,0
1-30709-A-23.wav,1,23,breathing,False,30709,A,0
1-56269-A-18.wav,1,18,toilet_flush,False,56269,A,1
5-156999-B-19.wav,5,19,thunderstorm,False,156999,B,0
3-155766-A-13.wav,3,13,crickets,False,155766,A,0
4-183992-A-0.wav,4,0,dog,True,183992,A,0
3-142605-A-21.wav,3,21,sneezing,True,142605,A,0
3-129264-A-9.wav,3,9,crow,False,129264,A,0
1-7973-A-7.wav,1,7,insects,False,7973,A,0
1-82817-A-30.wav,1,30,door_wood_knock,False,82817,A,0
3-101381-A-33.wav,3,33,door_wood_creaks,False,101381,A,0
2-106072-A-36.wav,2,36,vacuum_cleaner,False,106072,A,1
5-197118-A-45.wav,5,45,train,False,197118,A,0
4-171706-A-23.wav,4,23,breathing,False,171706,A,0
1-51805-G-33.wav,1,33,door_wood_creaks,False,51805,G,0
4-204123-A-39.wav,4,39,glass_breaking,False,204123,A,1
2-68595-A-15.wav,2,15,water_drops,False,68595,A,1
4-207116-A-23.wav,4,23,breathing,False,207116,A,0
4-178402-A-43.wav,4,43,car_horn,False,178402,A,0
2-117795-B-3.wav,2,3,cow,False,117795,B,0
4-223125-A-14.wav,4,14,chirping_birds,False,223125,A,0
3-105236-A-7.wav,3,7,insects,False,105236,A,0
4-164859-A-1.wav,4,1,rooster,True,164859,A,0
4-176914-A-23.wav,4,23,breathing,False,176914,A,0
4-144085-A-16.wav,4,16,wind,False,144085,A,0
5-245040-A-35.wav,5,35,washing_machine,False,245040,A,1
2-32515-D-4.wav,2,4,frog,False,32515,D,0
5-242932-B-26.wav,5,26,laughing,False,242932,B,0
4-196671-B-8.wav,4,8,sheep,False,196671,B,0
2-110010-A-5.wav,2,5,cat,False,110010,A,0
4-175845-A-43.wav,4,43,car_horn,False,175845,A,0
1-31251-A-6.wav,1,6,hen,False,31251,A,0
2-141681-A-36.wav,2,36,vacuum_cleaner,False,141681,A,1
3-151081-A-20.wav,3,20,crying_baby,True,151081,A,0
2-108017-A-24.wav,2,24,coughing,False,108017,A,0
2-87794-A-24.wav,2,24,coughing,False,87794,A,0
2-106073-A-36.wav,2,36,vacuum_cleaner,False,106073,A,1
2-141682-A-36.wav,2,36,vacuum_cleaner,False,141682,A,1
3-112356-A-18.wav,3,18,toilet_flush,False,112356,A,1
3-160119-A-15.wav,3,15,water_drops,False,160119,A,1
1-44831-A-1.wav,1,1,rooster,True,44831,A,0
5-261439-A-15.wav,5,15,water_drops,False,261439,A,1
4-173865-B-9.wav,4,9,crow,False,173865,B,0
1-96950-B-9.wav,1,9,crow,False,96950,B,0
1-101296-A-19.wav,1,19,thunderstorm,False,101296,A,0
2-70052-B-42.wav,2,42,siren,False,70052,B,0
4-234644-A-2.wav,4,2,pig,False,234644,A,0
3-167096-A-31.wav,3,31,mouse_click,False,167096,A,0
3-126358-B-3.wav,3,3,cow,False,126358,B,0
4-213915-A-3.wav,4,3,cow,False,213915,A,0
4-264453-A-34.wav,4,34,can_opening,False,264453,A,1
2-32834-A-4.wav,2,4,frog,False,32834,A,0
5-234855-A-25.wav,5,25,footsteps,False,234855,A,0
5-141683-A-35.wav,5,35,washing_machine,False,141683,A,1
2-70366-A-33.wav,2,33,door_wood_creaks,False,70366,A,0
2-61311-A-12.wav,2,12,crackling_fire,True,61311,A,1
1-100032-A-0.wav,1,0,dog,True,100032,A,0
5-207836-B-29.wav,5,29,drinking_sipping,False,207836,B,1
4-209536-A-37.wav,4,37,clock_alarm,False,209536,A,0
2-52085-B-4.wav,2,4,frog,False,52085,B,0
3-124376-B-3.wav,3,3,cow,False,124376,B,0
2-99795-A-32.wav,2,32,keyboard_typing,False,99795,A,0
2-95258-B-1.wav,2,1,rooster,True,95258,B,0
1-110389-A-0.wav,1,0,dog,True,110389,A,0
3-164216-C-6.wav,3,6,hen,False,164216,C,0
1-17970-A-4.wav,1,4,frog,False,17970,A,0
1-19898-B-41.wav,1,41,chainsaw,True,19898,B,0
1-19026-A-43.wav,1,43,car_horn,False,19026,A,0
4-189828-A-22.wav,4,22,clapping,False,189828,A,0
3-51909-A-42.wav,3,42,siren,False,51909,A,0
2-107228-B-44.wav,2,44,engine,False,107228,B,0
3-157615-A-10.wav,3,10,rain,True,157615,A,0
2-42101-A-43.wav,2,43,car_horn,False,42101,A,0
3-154926-B-40.wav,3,40,helicopter,True,154926,B,0
5-217186-C-16.wav,5,16,wind,False,217186,C,0
5-117122-A-42.wav,5,42,siren,False,117122,A,0
1-115546-A-48.wav,1,48,fireworks,False,115546,A,0
5-211197-A-24.wav,5,24,coughing,False,211197,A,0
4-212604-B-15.wav,4,15,water_drops,False,212604,B,1
3-181132-A-14.wav,3,14,chirping_birds,False,181132,A,0
2-102852-A-11.wav,2,11,sea_waves,True,102852,A,0
2-108767-C-9.wav,2,9,crow,False,108767,C,0
5-244315-A-6.wav,5,6,hen,False,244315,A,0
4-185415-A-21.wav,4,21,sneezing,True,185415,A,0
1-58277-A-3.wav,1,3,cow,False,58277,A,0
2-57733-A-22.wav,2,22,clapping,False,57733,A,0
1-97392-A-0.wav,1,0,dog,True,97392,A,0
2-102567-B-35.wav,2,35,washing_machine,False,102567,B,1
1-17092-A-27.wav,1,27,brushing_teeth,False,17092,A,1
3-197408-C-8.wav,3,8,sheep,False,197408,C,0
3-147965-A-12.wav,3,12,crackling_fire,True,147965,A,1
5-251426-A-30.wav,5,30,door_wood_knock,False,251426,A,0
2-130245-A-34.wav,2,34,can_opening,False,130245,A,1
4-117630-A-25.wav,4,25,footsteps,False,117630,A,0
1-46274-A-18.wav,1,18,toilet_flush,False,46274,A,1
5-222894-A-32.wav,5,32,keyboard_typing,False,222894,A,0
4-143118-A-7.wav,4,7,insects,False,143118,A,0
5-261433-A-15.wav,5,15,water_drops,False,261433,A,1
5-180229-A-27.wav,5,27,brushing_teeth,False,180229,A,1
5-232272-A-44.wav,5,44,engine,False,232272,A,0
3-123224-A-19.wav,3,19,thunderstorm,False,123224,A,0
4-133047-C-5.wav,4,5,cat,False,133047,C,0
4-251645-B-49.wav,4,49,hand_saw,False,251645,B,0
1-47274-A-21.wav,1,21,sneezing,True,47274,A,0
2-160888-A-47.wav,2,47,airplane,False,160888,A,0
4-191297-A-28.wav,4,28,snoring,False,191297,A,0
1-43807-B-47.wav,1,47,airplane,False,43807,B,0
3-110913-B-7.wav,3,7,insects,False,110913,B,0
2-94230-A-27.wav,2,27,brushing_teeth,False,94230,A,1
1-46040-A-14.wav,1,14,chirping_birds,False,46040,A,0
3-103401-C-33.wav,3,33,door_wood_creaks,False,103401,C,0
4-163264-A-10.wav,4,10,rain,True,163264,A,0
2-108760-B-14.wav,2,14,chirping_birds,False,108760,B,0
5-216131-A-32.wav,5,32,keyboard_typing,False,216131,A,0
2-102414-E-17.wav,2,17,pouring_water,False,102414,E,1
2-109374-A-16.wav,2,16,wind,False,109374,A,0
1-155858-E-25.wav,1,25,footsteps,False,155858,E,0
4-204119-A-39.wav,4,39,glass_breaking,False,204119,A,1
3-163607-B-13.wav,3,13,crickets,False,163607,B,0
1-52290-A-30.wav,1,30,door_wood_knock,False,52290,A,0
3-107123-A-26.wav,3,26,laughing,False,107123,A,0
5-214759-A-5.wav,5,5,cat,False,214759,A,0
4-132383-B-2.wav,4,2,pig,False,132383,B,0
4-182613-A-11.wav,4,11,sea_waves,True,182613,A,0
3-155556-A-31.wav,3,31,mouse_click,False,155556,A,0
2-64332-A-18.wav,2,18,toilet_flush,False,64332,A,1
1-17367-A-10.wav,1,10,rain,True,17367,A,0
1-81001-A-30.wav,1,30,door_wood_knock,False,81001,A,0
2-134049-A-6.wav,2,6,hen,False,134049,A,0
5-179496-B-16.wav,5,16,wind,False,179496,B,0
4-185575-B-20.wav,4,20,crying_baby,True,185575,B,0
5-257642-A-39.wav,5,39,glass_breaking,False,257642,A,1
5-214759-B-5.wav,5,5,cat,False,214759,B,0
3-103599-A-25.wav,3,25,footsteps,False,103599,A,0
5-234923-A-32.wav,5,32,keyboard_typing,False,234923,A,0
4-99644-A-4.wav,4,4,frog,False,99644,A,0
1-17092-B-27.wav,1,27,brushing_teeth,False,17092,B,1
3-182710-A-35.wav,3,35,washing_machine,False,182710,A,1
5-243448-A-14.wav,5,14,chirping_birds,False,243448,A,0
5-198411-G-20.wav,5,20,crying_baby,True,198411,G,0
3-143562-A-47.wav,3,47,airplane,False,143562,A,0
5-156026-A-4.wav,5,4,frog,False,156026,A,0
4-210309-A-31.wav,4,31,mouse_click,False,210309,A,0
1-30226-A-0.wav,1,0,dog,True,30226,A,0
4-163697-A-13.wav,4,13,crickets,False,163697,A,0
3-132601-A-24.wav,3,24,coughing,False,132601,A,0
2-60180-B-49.wav,2,49,hand_saw,False,60180,B,0
4-194808-A-29.wav,4,29,drinking_sipping,False,194808,A,1
3-144120-A-32.wav,3,32,keyboard_typing,False,144120,A,0
4-172180-A-32.wav,4,32,keyboard_typing,False,172180,A,0
1-58846-A-34.wav,1,34,can_opening,False,58846,A,1
4-125072-A-19.wav,4,19,thunderstorm,False,125072,A,0
3-150979-B-40.wav,3,40,helicopter,True,150979,B,0
4-169127-B-41.wav,4,41,chainsaw,True,169127,B,0
3-141559-A-45.wav,3,45,train,False,141559,A,0
3-103598-A-25.wav,3,25,footsteps,False,103598,A,0
2-119161-B-8.wav,2,8,sheep,False,119161,B,0
4-159609-B-14.wav,4,14,chirping_birds,False,159609,B,0
1-50455-A-44.wav,1,44,engine,False,50455,A,0
5-201664-A-18.wav,5,18,toilet_flush,False,201664,A,1
4-171207-A-12.wav,4,12,crackling_fire,True,171207,A,1
3-124958-A-28.wav,3,28,snoring,False,124958,A,0
1-196660-B-8.wav,1,8,sheep,False,196660,B,0
5-235956-A-47.wav,5,47,airplane,False,235956,A,0
2-65484-A-18.wav,2,18,toilet_flush,False,65484,A,1
2-135860-A-49.wav,2,49,hand_saw,False,135860,A,0
1-196660-A-8.wav,1,8,sheep,False,196660,A,0
3-141240-A-44.wav,3,44,engine,False,141240,A,0
4-135439-A-18.wav,4,18,toilet_flush,False,135439,A,1
3-147342-A-34.wav,3,34,can_opening,False,147342,A,1
4-144468-B-27.wav,4,27,brushing_teeth,False,144468,B,1
5-233312-A-28.wav,5,28,snoring,False,233312,A,0
4-194981-A-25.wav,4,25,footsteps,False,194981,A,0
3-142604-A-24.wav,3,24,coughing,False,142604,A,0
4-150364-B-46.wav,4,46,church_bells,False,150364,B,0
1-43382-A-1.wav,1,1,rooster,True,43382,A,0
1-72229-A-6.wav,1,6,hen,False,72229,A,0
4-218199-B-35.wav,4,35,washing_machine,False,218199,B,1
3-164592-A-15.wav,3,15,water_drops,False,164592,A,1
3-157487-A-10.wav,3,10,rain,True,157487,A,0
4-167077-A-20.wav,4,20,crying_baby,True,167077,A,0
2-108761-A-14.wav,2,14,chirping_birds,False,108761,A,0
3-126391-A-27.wav,3,27,brushing_teeth,False,126391,A,1
5-200329-C-8.wav,5,8,sheep,False,200329,C,0
4-211502-A-30.wav,4,30,door_wood_knock,False,211502,A,0
2-73544-A-27.wav,2,27,brushing_teeth,False,73544,A,1
2-74361-A-47.wav,2,47,airplane,False,74361,A,0
2-135728-A-38.wav,2,38,clock_tick,True,135728,A,0
5-204741-A-46.wav,5,46,church_bells,False,204741,A,0
2-109371-D-16.wav,2,16,wind,False,109371,D,0
2-209476-A-25.wav,2,25,footsteps,False,209476,A,0
2-37806-A-40.wav,2,40,helicopter,True,37806,A,0
2-262579-A-45.wav,2,45,train,False,262579,A,0
1-99958-A-31.wav,1,31,mouse_click,False,99958,A,0
4-204202-A-29.wav,4,29,drinking_sipping,False,204202,A,1
2-65750-A-1.wav,2,1,rooster,True,65750,A,0
2-114609-A-28.wav,2,28,snoring,False,114609,A,0
4-181708-A-32.wav,4,32,keyboard_typing,False,181708,A,0
5-238926-A-31.wav,5,31,mouse_click,False,238926,A,0
1-19898-A-41.wav,1,41,chainsaw,True,19898,A,0
4-155670-A-26.wav,4,26,laughing,False,155670,A,0
3-163607-A-13.wav,3,13,crickets,False,163607,A,0
2-60795-A-26.wav,2,26,laughing,False,60795,A,0
3-100018-A-18.wav,3,18,toilet_flush,False,100018,A,1
4-151242-A-37.wav,4,37,clock_alarm,False,151242,A,0
1-62594-A-32.wav,1,32,keyboard_typing,False,62594,A,0
4-212604-A-15.wav,4,15,water_drops,False,212604,A,1
4-212698-A-39.wav,4,39,glass_breaking,False,212698,A,1
4-149940-A-5.wav,4,5,cat,False,149940,A,0
4-223127-A-14.wav,4,14,chirping_birds,False,223127,A,0
5-213836-C-9.wav,5,9,crow,False,213836,C,0
1-39937-A-28.wav,1,28,snoring,False,39937,A,0
1-57795-A-8.wav,1,8,sheep,False,57795,A,0
3-157695-A-0.wav,3,0,dog,True,157695,A,0
3-150979-C-40.wav,3,40,helicopter,True,150979,C,0
1-31482-B-42.wav,1,42,siren,False,31482,B,0
3-154758-A-44.wav,3,44,engine,False,154758,A,0
4-155650-A-24.wav,4,24,coughing,False,155650,A,0
2-62226-A-26.wav,2,26,laughing,False,62226,A,0
3-103599-B-25.wav,3,25,footsteps,False,103599,B,0
3-70962-C-4.wav,3,4,frog,False,70962,C,0
4-172500-C-27.wav,4,27,brushing_teeth,False,172500,C,1
4-158653-A-32.wav,4,32,keyboard_typing,False,158653,A,0
4-204121-A-39.wav,4,39,glass_breaking,False,204121,A,1
4-130584-A-4.wav,4,4,frog,False,130584,A,0
1-18810-A-49.wav,1,49,hand_saw,False,18810,A,0
4-143118-B-7.wav,4,7,insects,False,143118,B,0
5-103421-A-2.wav,5,2,pig,False,103421,A,0
5-200461-B-11.wav,5,11,sea_waves,True,200461,B,0
2-250710-A-39.wav,2,39,glass_breaking,False,250710,A,1
5-234247-A-37.wav,5,37,clock_alarm,False,234247,A,0
5-201274-A-21.wav,5,21,sneezing,True,201274,A,0
3-127890-C-9.wav,3,9,crow,False,127890,C,0
2-188822-B-40.wav,2,40,helicopter,True,188822,B,0
2-39443-A-19.wav,2,19,thunderstorm,False,39443,A,0
3-144259-A-29.wav,3,29,drinking_sipping,False,144259,A,1
2-91912-B-33.wav,2,33,door_wood_creaks,False,91912,B,0
1-23094-B-15.wav,1,15,water_drops,False,23094,B,1
2-209471-A-25.wav,2,25,footsteps,False,209471,A,0
5-195517-A-7.wav,5,7,insects,False,195517,A,0
1-24524-C-19.wav,1,19,thunderstorm,False,24524,C,0
4-191327-A-38.wav,4,38,clock_tick,True,191327,A,0
1-31836-B-4.wav,1,4,frog,False,31836,B,0
2-117625-A-10.wav,2,10,rain,True,117625,A,0
4-165845-B-45.wav,4,45,train,False,165845,B,0
4-147657-A-46.wav,4,46,church_bells,False,147657,A,0
3-177083-A-22.wav,3,22,clapping,False,177083,A,0
3-94343-A-25.wav,3,25,footsteps,False,94343,A,0
1-15689-A-4.wav,1,4,frog,False,15689,A,0
1-79146-A-29.wav,1,29,drinking_sipping,False,79146,A,1
4-218304-B-25.wav,4,25,footsteps,False,218304,B,0
2-82071-A-27.wav,2,27,brushing_teeth,False,82071,A,1
3-65748-A-12.wav,3,12,crackling_fire,True,65748,A,1
1-53670-A-18.wav,1,18,toilet_flush,False,53670,A,1
3-154439-A-17.wav,3,17,pouring_water,False,154439,A,1
5-240671-A-44.wav,5,44,engine,False,240671,A,0
1-103995-A-30.wav,1,30,door_wood_knock,False,103995,A,0
5-210571-A-38.wav,5,38,clock_tick,True,210571,A,0
4-107122-A-33.wav,4,33,door_wood_creaks,False,107122,A,0
3-152039-A-3.wav,3,3,cow,False,152039,A,0
1-37226-A-29.wav,1,29,drinking_sipping,False,37226,A,1
3-172179-A-31.wav,3,31,mouse_click,False,172179,A,0
5-248341-A-6.wav,5,6,hen,False,248341,A,0
4-191246-B-7.wav,4,7,insects,False,191246,B,0
1-17150-A-12.wav,1,12,crackling_fire,True,17150,A,1
5-260164-A-23.wav,5,23,breathing,False,260164,A,0
4-183487-A-1.wav,4,1,rooster,True,183487,A,0
3-152039-B-3.wav,3,3,cow,False,152039,B,0
1-23706-A-49.wav,1,49,hand_saw,False,23706,A,0
4-175025-A-34.wav,4,34,can_opening,False,175025,A,1
2-68391-A-41.wav,2,41,chainsaw,True,68391,A,0
2-106019-A-13.wav,2,13,crickets,False,106019,A,0
3-148297-A-37.wav,3,37,clock_alarm,False,148297,A,0
4-120160-A-5.wav,4,5,cat,False,120160,A,0
3-103401-B-33.wav,3,33,door_wood_creaks,False,103401,B,0
1-23094-A-15.wav,1,15,water_drops,False,23094,A,1
1-94231-B-32.wav,1,32,keyboard_typing,False,94231,B,0
5-253085-A-3.wav,5,3,cow,False,253085,A,0
3-170015-A-0.wav,3,0,dog,True,170015,A,0
4-102844-B-49.wav,4,49,hand_saw,False,102844,B,0
2-52085-A-4.wav,2,4,frog,False,52085,A,0
5-233787-A-7.wav,5,7,insects,False,233787,A,0
5-160551-A-42.wav,5,42,siren,False,160551,A,0
2-112213-A-39.wav,2,39,glass_breaking,False,112213,A,1
5-151085-A-20.wav,5,20,crying_baby,True,151085,A,0
2-50666-A-20.wav,2,20,crying_baby,True,50666,A,0
5-103415-A-2.wav,5,2,pig,False,103415,A,0
3-152594-A-30.wav,3,30,door_wood_knock,False,152594,A,0
2-105270-A-47.wav,2,47,airplane,False,105270,A,0
3-144827-A-11.wav,3,11,sea_waves,True,144827,A,0
2-110417-B-28.wav,2,28,snoring,False,110417,B,0
2-132157-B-11.wav,2,11,sea_waves,True,132157,B,0
5-207836-A-29.wav,5,29,drinking_sipping,False,207836,A,1
3-51376-A-42.wav,3,42,siren,False,51376,A,0
1-61212-A-32.wav,1,32,keyboard_typing,False,61212,A,0
5-233019-A-31.wav,5,31,mouse_click,False,233019,A,0
4-165791-B-45.wav,4,45,train,False,165791,B,0
3-159347-A-36.wav,3,36,vacuum_cleaner,False,159347,A,1
1-54505-A-21.wav,1,21,sneezing,True,54505,A,0
4-182039-A-30.wav,4,30,door_wood_knock,False,182039,A,0
5-172639-A-5.wav,5,5,cat,False,172639,A,0
3-162786-A-13.wav,3,13,crickets,False,162786,A,0
5-216216-A-13.wav,5,13,crickets,False,216216,A,0
3-129678-A-13.wav,3,13,crickets,False,129678,A,0
3-166324-A-15.wav,3,15,water_drops,False,166324,A,1
2-83536-A-27.wav,2,27,brushing_teeth,False,83536,A,1
2-30322-B-12.wav,2,12,crackling_fire,True,30322,B,1
1-48298-A-46.wav,1,46,church_bells,False,48298,A,0
1-187207-A-20.wav,1,20,crying_baby,True,187207,A,0
5-233260-A-23.wav,5,23,breathing,False,233260,A,0
2-108767-A-9.wav,2,9,crow,False,108767,A,0
4-144083-C-16.wav,4,16,wind,False,144083,C,0
4-111671-A-42.wav,4,42,siren,False,111671,A,0
2-140147-A-38.wav,2,38,clock_tick,True,140147,A,0
1-63871-A-10.wav,1,10,rain,True,63871,A,0
1-34094-A-5.wav,1,5,cat,False,34094,A,0
3-112557-A-23.wav,3,23,breathing,False,112557,A,0
5-117118-A-42.wav,5,42,siren,False,117118,A,0
5-216368-A-28.wav,5,28,snoring,False,216368,A,0
4-204684-A-37.wav,4,37,clock_alarm,False,204684,A,0
3-20861-A-8.wav,3,8,sheep,False,20861,A,0
2-108766-A-9.wav,2,9,crow,False,108766,A,0
4-180453-A-17.wav,4,17,pouring_water,False,180453,A,1
3-118069-B-27.wav,3,27,brushing_teeth,False,118069,B,1
5-232802-A-31.wav,5,31,mouse_click,False,232802,A,0
3-144028-A-0.wav,3,0,dog,True,144028,A,0
3-151213-A-24.wav,3,24,coughing,False,151213,A,0
5-103420-A-2.wav,5,2,pig,False,103420,A,0
2-166644-C-2.wav,2,2,pig,False,166644,C,0
5-212181-A-38.wav,5,38,clock_tick,True,212181,A,0
1-30214-A-18.wav,1,18,toilet_flush,False,30214,A,1
5-117773-A-16.wav,5,16,wind,False,117773,A,0
3-111102-A-46.wav,3,46,church_bells,False,111102,A,0
3-146697-A-43.wav,3,43,car_horn,False,146697,A,0
2-32515-B-4.wav,2,4,frog,False,32515,B,0
1-77160-A-3.wav,1,3,cow,False,77160,A,0
1-34495-A-14.wav,1,14,chirping_birds,False,34495,A,0
2-108763-A-9.wav,2,9,crow,False,108763,A,0
5-215449-A-47.wav,5,47,airplane,False,215449,A,0
1-54747-A-46.wav,1,46,church_bells,False,54747,A,0
1-260640-B-2.wav,1,2,pig,False,260640,B,0
2-110417-A-28.wav,2,28,snoring,False,110417,A,0
4-201988-A-44.wav,4,44,engine,False,201988,A,0
5-253094-A-49.wav,5,49,hand_saw,False,253094,A,0
1-211527-B-20.wav,1,20,crying_baby,True,211527,B,0
5-262641-A-15.wav,5,15,water_drops,False,262641,A,1
2-119161-A-8.wav,2,8,sheep,False,119161,A,0
1-100210-B-36.wav,1,36,vacuum_cleaner,False,100210,B,1
4-167571-A-26.wav,4,26,laughing,False,167571,A,0
1-172649-A-40.wav,1,40,helicopter,True,172649,A,0
3-152912-A-26.wav,3,26,laughing,False,152912,A,0
5-187444-A-33.wav,5,33,door_wood_creaks,False,187444,A,0
5-235671-A-38.wav,5,38,clock_tick,True,235671,A,0
5-194533-A-21.wav,5,21,sneezing,True,194533,A,0
1-17742-A-12.wav,1,12,crackling_fire,True,17742,A,1
3-203374-A-39.wav,3,39,glass_breaking,False,203374,A,1
4-169127-A-41.wav,4,41,chainsaw,True,169127,A,0
2-39441-A-19.wav,2,19,thunderstorm,False,39441,A,0
2-117617-A-48.wav,2,48,fireworks,False,117617,A,0
3-166422-A-11.wav,3,11,sea_waves,True,166422,A,0
4-218304-A-25.wav,4,25,footsteps,False,218304,A,0
1-36400-A-23.wav,1,23,breathing,False,36400,A,0
1-94036-A-22.wav,1,22,clapping,False,94036,A,0
5-188365-A-36.wav,5,36,vacuum_cleaner,False,188365,A,1
2-73260-A-10.wav,2,10,rain,True,73260,A,0
4-170078-A-1.wav,4,1,rooster,True,170078,A,0
2-119161-C-8.wav,2,8,sheep,False,119161,C,0
1-19118-A-24.wav,1,24,coughing,False,19118,A,0
5-214869-A-9.wav,5,9,crow,False,214869,A,0
4-202298-A-31.wav,4,31,mouse_click,False,202298,A,0
2-127108-A-38.wav,2,38,clock_tick,True,127108,A,0
3-172881-A-48.wav,3,48,fireworks,False,172881,A,0
2-78799-A-47.wav,2,47,airplane,False,78799,A,0
2-146877-A-31.wav,2,31,mouse_click,False,146877,A,0
3-71964-B-4.wav,3,4,frog,False,71964,B,0
1-50060-A-10.wav,1,10,rain,True,50060,A,0
2-109316-A-32.wav,2,32,keyboard_typing,False,109316,A,0
3-159346-A-36.wav,3,36,vacuum_cleaner,False,159346,A,1
4-188191-A-29.wav,4,29,drinking_sipping,False,188191,A,1
5-103416-A-2.wav,5,2,pig,False,103416,A,0
5-187201-A-4.wav,5,4,frog,False,187201,A,0
2-60794-A-26.wav,2,26,laughing,False,60794,A,0
1-21189-A-10.wav,1,10,rain,True,21189,A,0
1-22694-B-20.wav,1,20,crying_baby,True,22694,B,0
5-220939-A-27.wav,5,27,brushing_teeth,False,220939,A,1
1-51147-A-25.wav,1,25,footsteps,False,51147,A,0
5-180156-B-43.wav,5,43,car_horn,False,180156,B,0
1-39835-B-9.wav,1,9,crow,False,39835,B,0
4-141365-A-18.wav,4,18,toilet_flush,False,141365,A,1
4-125071-A-19.wav,4,19,thunderstorm,False,125071,A,0
1-60997-A-20.wav,1,20,crying_baby,True,60997,A,0
1-45641-A-27.wav,1,27,brushing_teeth,False,45641,A,1
3-145382-A-1.wav,3,1,rooster,True,145382,A,0
4-204830-A-6.wav,4,6,hen,False,204830,A,0
3-108677-A-18.wav,3,18,toilet_flush,False,108677,A,1
5-213293-A-23.wav,5,23,breathing,False,213293,A,0
5-216213-A-13.wav,5,13,crickets,False,216213,A,0
2-60180-A-49.wav,2,49,hand_saw,False,60180,A,0
5-161270-B-33.wav,5,33,door_wood_creaks,False,161270,B,0
4-119648-A-48.wav,4,48,fireworks,False,119648,A,0
5-171653-A-41.wav,5,41,chainsaw,True,171653,A,0
2-96063-A-37.wav,2,37,clock_alarm,False,96063,A,0
1-29561-A-10.wav,1,10,rain,True,29561,A,0
1-137296-A-16.wav,1,16,wind,False,137296,A,0
3-142006-A-10.wav,3,10,rain,True,142006,A,0
2-59565-A-46.wav,2,46,church_bells,False,59565,A,0
4-167063-B-11.wav,4,11,sea_waves,True,167063,B,0
3-140199-B-8.wav,3,8,sheep,False,140199,B,0
5-172299-A-5.wav,5,5,cat,False,172299,A,0
5-208810-A-11.wav,5,11,sea_waves,True,208810,A,0
3-216280-A-39.wav,3,39,glass_breaking,False,216280,A,1
5-219342-A-38.wav,5,38,clock_tick,True,219342,A,0
3-127890-A-9.wav,3,9,crow,False,127890,A,0
2-103424-A-3.wav,2,3,cow,False,103424,A,0
5-156999-D-19.wav,5,19,thunderstorm,False,156999,D,0
1-13613-A-37.wav,1,37,clock_alarm,False,13613,A,0
3-102583-C-49.wav,3,49,hand_saw,False,102583,C,0
4-138344-A-9.wav,4,9,crow,False,138344,A,0
1-29680-A-21.wav,1,21,sneezing,True,29680,A,0
5-103422-A-2.wav,5,2,pig,False,103422,A,0
4-170247-B-12.wav,4,12,crackling_fire,True,170247,B,1
5-187201-B-4.wav,5,4,frog,False,187201,B,0
4-159426-A-9.wav,4,9,crow,False,159426,A,0
3-155659-A-34.wav,3,34,can_opening,False,155659,A,1
2-82538-A-21.wav,2,21,sneezing,True,82538,A,0
2-78562-A-37.wav,2,37,clock_alarm,False,78562,A,0
5-242711-A-9.wav,5,9,crow,False,242711,A,0
2-50665-A-20.wav,2,20,crying_baby,True,50665,A,0
1-62849-A-38.wav,1,38,clock_tick,True,62849,A,0
3-166326-A-15.wav,3,15,water_drops,False,166326,A,1
4-210000-A-23.wav,4,23,breathing,False,210000,A,0
2-123896-A-24.wav,2,24,coughing,False,123896,A,0
3-112557-B-23.wav,3,23,breathing,False,112557,B,0
5-260432-A-39.wav,5,39,glass_breaking,False,260432,A,1
3-146965-A-5.wav,3,5,cat,False,146965,A,0
2-106014-A-44.wav,2,44,engine,False,106014,A,0
1-59324-A-21.wav,1,21,sneezing,True,59324,A,0
1-115545-C-48.wav,1,48,fireworks,False,115545,C,0
5-218196-B-27.wav,5,27,brushing_teeth,False,218196,B,1
1-74517-A-37.wav,1,37,clock_alarm,False,74517,A,0
4-168155-A-15.wav,4,15,water_drops,False,168155,A,1
5-205589-A-17.wav,5,17,pouring_water,False,205589,A,1
3-112522-A-27.wav,3,27,brushing_teeth,False,112522,A,1
2-209472-A-25.wav,2,25,footsteps,False,209472,A,0
4-119647-C-48.wav,4,48,fireworks,False,119647,C,0
1-45645-A-31.wav,1,31,mouse_click,False,45645,A,0
1-101336-A-30.wav,1,30,door_wood_knock,False,101336,A,0
3-182023-A-30.wav,3,30,door_wood_knock,False,182023,A,0
5-202898-A-10.wav,5,10,rain,True,202898,A,0
1-46353-A-49.wav,1,49,hand_saw,False,46353,A,0
1-76831-D-42.wav,1,42,siren,False,76831,D,0
5-200329-B-8.wav,5,8,sheep,False,200329,B,0
5-161270-A-33.wav,5,33,door_wood_creaks,False,161270,A,0
5-193339-A-10.wav,5,10,rain,True,193339,A,0
3-164120-A-11.wav,3,11,sea_waves,True,164120,A,0
1-208757-E-2.wav,1,2,pig,False,208757,E,0
5-185579-B-41.wav,5,41,chainsaw,True,185579,B,0
2-25292-A-22.wav,2,22,clapping,False,25292,A,0
5-156999-C-19.wav,5,19,thunderstorm,False,156999,C,0
4-205738-A-22.wav,4,22,clapping,False,205738,A,0
5-215658-A-12.wav,5,12,crackling_fire,True,215658,A,1
1-26143-A-21.wav,1,21,sneezing,True,26143,A,0
2-125875-A-13.wav,2,13,crickets,False,125875,A,0
4-182314-B-7.wav,4,7,insects,False,182314,B,0
5-184871-A-24.wav,5,24,coughing,False,184871,A,0
3-170851-A-31.wav,3,31,mouse_click,False,170851,A,0
2-117615-B-48.wav,2,48,fireworks,False,117615,B,0
2-102581-B-29.wav,2,29,drinking_sipping,False,102581,B,1
4-175856-A-43.wav,4,43,car_horn,False,175856,A,0
2-99955-A-7.wav,2,7,insects,False,99955,A,0
4-195497-B-11.wav,4,11,sea_waves,True,195497,B,0
4-171652-A-44.wav,4,44,engine,False,171652,A,0
3-118658-B-41.wav,3,41,chainsaw,True,118658,B,0
3-166125-B-23.wav,3,23,breathing,False,166125,B,0
3-164216-B-6.wav,3,6,hen,False,164216,B,0
1-84705-A-39.wav,1,39,glass_breaking,False,84705,A,1
1-71030-A-6.wav,1,6,hen,False,71030,A,0
2-109231-A-9.wav,2,9,crow,False,109231,A,0
5-244310-A-25.wav,5,25,footsteps,False,244310,A,0
5-51149-A-25.wav,5,25,footsteps,False,51149,A,0
2-125520-A-43.wav,2,43,car_horn,False,125520,A,0
4-189832-A-22.wav,4,22,clapping,False,189832,A,0
3-187549-B-6.wav,3,6,hen,False,187549,B,0
4-218199-F-35.wav,4,35,washing_machine,False,218199,F,1
1-4211-A-12.wav,1,12,crackling_fire,True,4211,A,1
1-47250-B-41.wav,1,41,chainsaw,True,47250,B,0
5-198411-C-20.wav,5,20,crying_baby,True,198411,C,0
1-24524-B-19.wav,1,19,thunderstorm,False,24524,B,0
4-175945-A-38.wav,4,38,clock_tick,True,175945,A,0
2-124564-A-15.wav,2,15,water_drops,False,124564,A,1
1-64473-A-45.wav,1,45,train,False,64473,A,0
3-95698-A-5.wav,3,5,cat,False,95698,A,0
5-259180-A-15.wav,5,15,water_drops,False,259180,A,1
3-130330-A-22.wav,3,22,clapping,False,130330,A,0
3-170377-A-38.wav,3,38,clock_tick,True,170377,A,0
3-156581-A-14.wav,3,14,chirping_birds,False,156581,A,0
3-187710-A-11.wav,3,11,sea_waves,True,187710,A,0
2-118459-A-32.wav,2,32,keyboard_typing,False,118459,A,0
2-70939-A-42.wav,2,42,siren,False,70939,A,0
1-28135-A-11.wav,1,11,sea_waves,True,28135,A,0
2-102414-C-17.wav,2,17,pouring_water,False,102414,C,1
1-56234-A-9.wav,1,9,crow,False,56234,A,0
4-194246-A-13.wav,4,13,crickets,False,194246,A,0
1-61261-A-44.wav,1,44,engine,False,61261,A,0
4-178881-A-45.wav,4,45,train,False,178881,A,0
3-159347-B-36.wav,3,36,vacuum_cleaner,False,159347,B,1
3-253081-A-2.wav,3,2,pig,False,253081,A,0
4-125072-B-19.wav,4,19,thunderstorm,False,125072,B,0
5-219379-A-11.wav,5,11,sea_waves,True,219379,A,0
3-156907-A-15.wav,3,15,water_drops,False,156907,A,1
4-165845-A-45.wav,4,45,train,False,165845,A,0
3-155642-B-11.wav,3,11,sea_waves,True,155642,B,0
2-155801-A-11.wav,2,11,sea_waves,True,155801,A,0
2-70936-A-42.wav,2,42,siren,False,70936,A,0
1-69760-A-16.wav,1,16,wind,False,69760,A,0
1-17124-A-43.wav,1,43,car_horn,False,17124,A,0
3-159445-B-45.wav,3,45,train,False,159445,B,0
1-13572-A-46.wav,1,46,church_bells,False,13572,A,0
2-72547-D-14.wav,2,14,chirping_birds,False,72547,D,0
3-170574-A-30.wav,3,30,door_wood_knock,False,170574,A,0
2-139748-A-15.wav,2,15,water_drops,False,139748,A,1
2-54086-A-43.wav,2,43,car_horn,False,54086,A,0
3-145387-A-29.wav,3,29,drinking_sipping,False,145387,A,1
4-182369-A-12.wav,4,12,crackling_fire,True,182369,A,1
3-251617-A-48.wav,3,48,fireworks,False,251617,A,0
4-179836-A-34.wav,4,34,can_opening,False,179836,A,1
4-175000-A-40.wav,4,40,helicopter,True,175000,A,0
2-106015-B-44.wav,2,44,engine,False,106015,B,0
4-99644-D-4.wav,4,4,frog,False,99644,D,0
4-163609-B-16.wav,4,16,wind,False,163609,B,0
5-193473-B-12.wav,5,12,crackling_fire,True,193473,B,1
2-70052-A-42.wav,2,42,siren,False,70052,A,0
3-136288-A-0.wav,3,0,dog,True,136288,A,0
3-110536-A-26.wav,3,26,laughing,False,110536,A,0
4-182839-A-17.wav,4,17,pouring_water,False,182839,A,1
4-250869-C-2.wav,4,2,pig,False,250869,C,0
4-133047-A-5.wav,4,5,cat,False,133047,A,0
2-98866-A-47.wav,2,47,airplane,False,98866,A,0
2-188822-A-40.wav,2,40,helicopter,True,188822,A,0
2-104168-A-32.wav,2,32,keyboard_typing,False,104168,A,0
3-180977-A-0.wav,3,0,dog,True,180977,A,0
5-219044-A-46.wav,5,46,church_bells,False,219044,A,0
3-116135-A-1.wav,3,1,rooster,True,116135,A,0
3-233151-A-2.wav,3,2,pig,False,233151,A,0
2-87799-A-24.wav,2,24,coughing,False,87799,A,0
4-164064-B-1.wav,4,1,rooster,True,164064,B,0
1-84536-A-39.wav,1,39,glass_breaking,False,84536,A,1
5-170338-B-41.wav,5,41,chainsaw,True,170338,B,0
5-203739-A-10.wav,5,10,rain,True,203739,A,0
4-163608-B-16.wav,4,16,wind,False,163608,B,0
4-218199-A-35.wav,4,35,washing_machine,False,218199,A,1
1-14262-A-37.wav,1,37,clock_alarm,False,14262,A,0
1-57318-A-13.wav,1,13,crickets,False,57318,A,0
3-253084-E-2.wav,3,2,pig,False,253084,E,0
5-248341-C-6.wav,5,6,hen,False,248341,C,0
2-133863-A-11.wav,2,11,sea_waves,True,133863,A,0
1-35687-A-38.wav,1,38,clock_tick,True,35687,A,0
2-66637-B-20.wav,2,20,crying_baby,True,66637,B,0
2-122763-B-29.wav,2,29,drinking_sipping,False,122763,B,1
4-90014-B-42.wav,4,42,siren,False,90014,B,0
2-108767-B-9.wav,2,9,crow,False,108767,B,0
5-235644-A-30.wav,5,30,door_wood_knock,False,235644,A,0
4-201800-A-31.wav,4,31,mouse_click,False,201800,A,0
2-209475-A-25.wav,2,25,footsteps,False,209475,A,0
2-32515-A-4.wav,2,4,frog,False,32515,A,0
3-188390-A-6.wav,3,6,hen,False,188390,A,0
3-136608-A-16.wav,3,16,wind,False,136608,A,0
1-32373-B-35.wav,1,35,washing_machine,False,32373,B,1
3-71964-A-4.wav,3,4,frog,False,71964,A,0
4-200330-B-6.wav,4,6,hen,False,200330,B,0
5-182012-A-36.wav,5,36,vacuum_cleaner,False,182012,A,1
4-172734-A-36.wav,4,36,vacuum_cleaner,False,172734,A,1
4-170247-A-12.wav,4,12,crackling_fire,True,170247,A,1
3-188726-A-35.wav,3,35,washing_machine,False,188726,A,1
1-7456-A-13.wav,1,13,crickets,False,7456,A,0
2-43802-A-42.wav,2,42,siren,False,43802,A,0
1-88409-A-45.wav,1,45,train,False,88409,A,0
1-137-A-32.wav,1,32,keyboard_typing,False,137,A,0
2-109231-C-9.wav,2,9,crow,False,109231,C,0
3-112397-A-9.wav,3,9,crow,False,112397,A,0
3-243726-A-43.wav,3,43,car_horn,False,243726,A,0
2-70367-A-33.wav,2,33,door_wood_creaks,False,70367,A,0
5-221528-A-39.wav,5,39,glass_breaking,False,221528,A,1
2-146877-B-31.wav,2,31,mouse_click,False,146877,B,0
4-140034-A-46.wav,4,46,church_bells,False,140034,A,0
4-192236-A-0.wav,4,0,dog,True,192236,A,0
2-127109-A-6.wav,2,6,hen,False,127109,A,0
5-253094-B-49.wav,5,49,hand_saw,False,253094,B,0
4-181865-A-38.wav,4,38,clock_tick,True,181865,A,0
5-219242-A-37.wav,5,37,clock_alarm,False,219242,A,0
5-156999-A-19.wav,5,19,thunderstorm,False,156999,A,0
1-18655-A-31.wav,1,31,mouse_click,False,18655,A,0
3-164593-A-15.wav,3,15,water_drops,False,164593,A,1
4-181563-A-12.wav,4,12,crackling_fire,True,181563,A,1
5-251957-A-47.wav,5,47,airplane,False,251957,A,0
1-9887-B-49.wav,1,49,hand_saw,False,9887,B,0
4-171519-A-21.wav,4,21,sneezing,True,171519,A,0
5-250753-A-34.wav,5,34,can_opening,False,250753,A,1
1-62565-A-44.wav,1,44,engine,False,62565,A,0
2-131943-A-38.wav,2,38,clock_tick,True,131943,A,0
3-152007-E-20.wav,3,20,crying_baby,True,152007,E,0
3-253084-C-2.wav,3,2,pig,False,253084,C,0
4-187284-A-30.wav,4,30,door_wood_knock,False,187284,A,0
1-17585-A-7.wav,1,7,insects,False,17585,A,0
3-83527-A-4.wav,3,4,frog,False,83527,A,0
5-253101-B-49.wav,5,49,hand_saw,False,253101,B,0
3-152997-A-26.wav,3,26,laughing,False,152997,A,0
2-102567-A-35.wav,2,35,washing_machine,False,102567,A,1
4-194680-A-36.wav,4,36,vacuum_cleaner,False,194680,A,1
2-18766-B-12.wav,2,12,crackling_fire,True,18766,B,1
2-107228-A-44.wav,2,44,engine,False,107228,A,0
1-46744-A-36.wav,1,36,vacuum_cleaner,False,46744,A,1
2-76408-A-22.wav,2,22,clapping,False,76408,A,0
2-83667-A-34.wav,2,34,can_opening,False,83667,A,1
3-143933-A-38.wav,3,38,clock_tick,True,143933,A,0
4-172377-A-17.wav,4,17,pouring_water,False,172377,A,1
3-118657-B-41.wav,3,41,chainsaw,True,118657,B,0
4-188287-A-9.wav,4,9,crow,False,188287,A,0
2-32515-C-4.wav,2,4,frog,False,32515,C,0
5-212059-A-36.wav,5,36,vacuum_cleaner,False,212059,A,1
4-165823-B-41.wav,4,41,chainsaw,True,165823,B,0
5-217186-A-16.wav,5,16,wind,False,217186,A,0
2-119748-A-38.wav,2,38,clock_tick,True,119748,A,0
3-150231-A-21.wav,3,21,sneezing,True,150231,A,0
1-17808-B-12.wav,1,12,crackling_fire,True,17808,B,1
2-81731-A-10.wav,2,10,rain,True,81731,A,0
5-263902-A-36.wav,5,36,vacuum_cleaner,False,263902,A,1
5-179866-A-43.wav,5,43,car_horn,False,179866,A,0
1-34119-B-1.wav,1,1,rooster,True,34119,B,0
3-135650-A-45.wav,3,45,train,False,135650,A,0
1-39835-A-9.wav,1,9,crow,False,39835,A,0
2-28314-A-12.wav,2,12,crackling_fire,True,28314,A,1
4-213915-B-3.wav,4,3,cow,False,213915,B,0
2-102567-D-35.wav,2,35,washing_machine,False,102567,D,1
4-161099-B-47.wav,4,47,airplane,False,161099,B,0
5-198278-C-7.wav,5,7,insects,False,198278,C,0
1-73123-A-26.wav,1,26,laughing,False,73123,A,0
3-62878-A-42.wav,3,42,siren,False,62878,A,0
3-158056-A-31.wav,3,31,mouse_click,False,158056,A,0
1-21935-A-38.wav,1,38,clock_tick,True,21935,A,0
1-43760-A-11.wav,1,11,sea_waves,True,43760,A,0
5-197913-A-18.wav,5,18,toilet_flush,False,197913,A,1
1-67230-A-29.wav,1,29,drinking_sipping,False,67230,A,1
5-177957-D-40.wav,5,40,helicopter,True,177957,D,0
3-118194-A-33.wav,3,33,door_wood_creaks,False,118194,A,0
3-98193-A-46.wav,3,46,church_bells,False,98193,A,0
1-27724-A-1.wav,1,1,rooster,True,27724,A,0
2-122104-A-0.wav,2,0,dog,True,122104,A,0
2-78562-B-37.wav,2,37,clock_alarm,False,78562,B,0
2-86160-A-27.wav,2,27,brushing_teeth,False,86160,A,1
3-115382-A-44.wav,3,44,engine,False,115382,A,0
5-263501-A-25.wav,5,25,footsteps,False,263501,A,0
2-80844-A-13.wav,2,13,crickets,False,80844,A,0
4-172500-B-27.wav,4,27,brushing_teeth,False,172500,B,1
5-185516-A-27.wav,5,27,brushing_teeth,False,185516,A,1
2-81970-B-7.wav,2,7,insects,False,81970,B,0
4-175846-A-43.wav,4,43,car_horn,False,175846,A,0
1-50623-A-15.wav,1,15,water_drops,False,50623,A,1
5-156026-C-4.wav,5,4,frog,False,156026,C,0
2-68595-B-15.wav,2,15,water_drops,False,68595,B,1
1-36164-B-26.wav,1,26,laughing,False,36164,B,0
4-204115-A-39.wav,4,39,glass_breaking,False,204115,A,1
3-152007-A-20.wav,3,20,crying_baby,True,152007,A,0
5-219318-A-31.wav,5,31,mouse_click,False,219318,A,0
1-104089-A-22.wav,1,22,clapping,False,104089,A,0
1-69641-A-3.wav,1,3,cow,False,69641,A,0
1-5996-A-6.wav,1,6,hen,False,5996,A,0
1-51805-F-33.wav,1,33,door_wood_creaks,False,51805,F,0
1-155858-D-25.wav,1,25,footsteps,False,155858,D,0
5-221593-A-21.wav,5,21,sneezing,True,221593,A,0
3-197435-B-22.wav,3,22,clapping,False,197435,B,0
5-182007-A-36.wav,5,36,vacuum_cleaner,False,182007,A,1
5-212050-A-27.wav,5,27,brushing_teeth,False,212050,A,1
4-156993-A-19.wav,4,19,thunderstorm,False,156993,A,0
4-195805-A-13.wav,4,13,crickets,False,195805,A,0
3-142005-A-10.wav,3,10,rain,True,142005,A,0
1-47273-A-21.wav,1,21,sneezing,True,47273,A,0
4-189832-B-22.wav,4,22,clapping,False,189832,B,0
2-125821-A-13.wav,2,13,crickets,False,125821,A,0
4-130891-A-7.wav,4,7,insects,False,130891,A,0
1-20133-A-39.wav,1,39,glass_breaking,False,20133,A,1
2-70280-A-18.wav,2,18,toilet_flush,False,70280,A,1
5-251962-A-47.wav,5,47,airplane,False,251962,A,0
1-7974-A-49.wav,1,49,hand_saw,False,7974,A,0
1-56380-B-5.wav,1,5,cat,False,56380,B,0
1-19501-A-7.wav,1,7,insects,False,19501,A,0
1-51805-E-33.wav,1,33,door_wood_creaks,False,51805,E,0
2-96904-A-27.wav,2,27,brushing_teeth,False,96904,A,1
1-50625-A-17.wav,1,17,pouring_water,False,50625,A,1
4-152995-A-24.wav,4,24,coughing,False,152995,A,0
5-238021-A-35.wav,5,35,washing_machine,False,238021,A,1
5-207781-A-17.wav,5,17,pouring_water,False,207781,A,1
2-102567-C-35.wav,2,35,washing_machine,False,102567,C,1
5-244315-C-6.wav,5,6,hen,False,244315,C,0
3-203373-A-39.wav,3,39,glass_breaking,False,203373,A,1
5-9032-A-0.wav,5,0,dog,True,9032,A,0
5-189237-A-12.wav,5,12,crackling_fire,True,189237,A,1
3-216281-A-39.wav,3,39,glass_breaking,False,216281,A,1
2-109371-C-16.wav,2,16,wind,False,109371,C,0
4-172500-A-27.wav,4,27,brushing_teeth,False,172500,A,1
2-30322-A-12.wav,2,12,crackling_fire,True,30322,A,1
2-104476-A-37.wav,2,37,clock_alarm,False,104476,A,0
1-12654-A-15.wav,1,15,water_drops,False,12654,A,1
5-218980-A-30.wav,5,30,door_wood_knock,False,218980,A,0
2-52001-B-28.wav,2,28,snoring,False,52001,B,0
3-134699-B-16.wav,3,16,wind,False,134699,B,0
2-79775-A-26.wav,2,26,laughing,False,79775,A,0
1-88574-A-8.wav,1,8,sheep,False,88574,A,0
4-117627-A-25.wav,4,25,footsteps,False,117627,A,0
5-256512-A-30.wav,5,30,door_wood_knock,False,256512,A,0
4-119647-B-48.wav,4,48,fireworks,False,119647,B,0
1-47250-A-41.wav,1,41,chainsaw,True,47250,A,0
5-221518-A-21.wav,5,21,sneezing,True,221518,A,0
1-30039-A-26.wav,1,26,laughing,False,30039,A,0
5-223176-A-37.wav,5,37,clock_alarm,False,223176,A,0
1-64398-B-41.wav,1,41,chainsaw,True,64398,B,0
2-84943-A-18.wav,2,18,toilet_flush,False,84943,A,1
3-115387-A-47.wav,3,47,airplane,False,115387,A,0
4-210000-B-23.wav,4,23,breathing,False,210000,B,0
1-58923-B-27.wav,1,27,brushing_teeth,False,58923,B,1
2-126756-A-29.wav,2,29,drinking_sipping,False,126756,A,1
5-207811-B-35.wav,5,35,washing_machine,False,207811,B,1
4-204777-B-39.wav,4,39,glass_breaking,False,204777,B,1
2-99955-B-7.wav,2,7,insects,False,99955,B,0
2-116400-A-0.wav,2,0,dog,True,116400,A,0
3-132747-A-26.wav,3,26,laughing,False,132747,A,0
1-26806-A-1.wav,1,1,rooster,True,26806,A,0
2-182508-B-8.wav,2,8,sheep,False,182508,B,0
1-172649-C-40.wav,1,40,helicopter,True,172649,C,0
2-84693-A-49.wav,2,49,hand_saw,False,84693,A,0
4-184575-A-0.wav,4,0,dog,True,184575,A,0
1-260640-C-2.wav,1,2,pig,False,260640,C,0
4-165933-A-45.wav,4,45,train,False,165933,A,0
1-18527-A-44.wav,1,44,engine,False,18527,A,0
4-157611-A-41.wav,4,41,chainsaw,True,157611,A,0
2-61618-A-46.wav,2,46,church_bells,False,61618,A,0
2-54961-A-23.wav,2,23,breathing,False,54961,A,0
2-120218-B-30.wav,2,30,door_wood_knock,False,120218,B,0
1-47923-A-28.wav,1,28,snoring,False,47923,A,0
4-173865-A-9.wav,4,9,crow,False,173865,A,0
4-189838-A-22.wav,4,22,clapping,False,189838,A,0
5-213077-A-11.wav,5,11,sea_waves,True,213077,A,0
5-180156-A-43.wav,5,43,car_horn,False,180156,A,0
4-188703-D-8.wav,4,8,sheep,False,188703,D,0
1-19872-A-36.wav,1,36,vacuum_cleaner,False,19872,A,1
4-188191-B-29.wav,4,29,drinking_sipping,False,188191,B,1
2-83934-A-5.wav,2,5,cat,False,83934,A,0
3-171041-A-38.wav,3,38,clock_tick,True,171041,A,0
5-202540-A-18.wav,5,18,toilet_flush,False,202540,A,1
3-68630-B-40.wav,3,40,helicopter,True,68630,B,0
1-51805-A-33.wav,1,33,door_wood_creaks,False,51805,A,0
4-164064-C-1.wav,4,1,rooster,True,164064,C,0
3-135469-A-35.wav,3,35,washing_machine,False,135469,A,1
5-220955-A-40.wav,5,40,helicopter,True,220955,A,0
5-188796-A-45.wav,5,45,train,False,188796,A,0
1-76831-A-42.wav,1,42,siren,False,76831,A,0
1-43807-D-47.wav,1,47,airplane,False,43807,D,0
4-181955-C-3.wav,4,3,cow,False,181955,C,0
4-198360-C-49.wav,4,49,hand_saw,False,198360,C,0
3-134802-A-13.wav,3,13,crickets,False,134802,A,0
4-198962-B-25.wav,4,25,footsteps,False,198962,B,0
1-172649-B-40.wav,1,40,helicopter,True,172649,B,0
3-177082-A-22.wav,3,22,clapping,False,177082,A,0
5-200334-A-1.wav,5,1,rooster,True,200334,A,0
1-60460-A-36.wav,1,36,vacuum_cleaner,False,60460,A,1
2-122820-A-36.wav,2,36,vacuum_cleaner,False,122820,A,1
5-188716-A-46.wav,5,46,church_bells,False,188716,A,0
5-218196-A-27.wav,5,27,brushing_teeth,False,218196,A,1
5-208030-A-0.wav,5,0,dog,True,208030,A,0
4-161099-A-47.wav,4,47,airplane,False,161099,A,0
1-42139-A-38.wav,1,38,clock_tick,True,42139,A,0
4-132839-A-33.wav,4,33,door_wood_creaks,False,132839,A,0
5-213836-A-9.wav,5,9,crow,False,213836,A,0
5-261464-A-23.wav,5,23,breathing,False,261464,A,0
3-164630-A-11.wav,3,11,sea_waves,True,164630,A,0
1-50661-A-44.wav,1,44,engine,False,50661,A,0
4-156827-A-46.wav,4,46,church_bells,False,156827,A,0
2-78781-A-47.wav,2,47,airplane,False,78781,A,0
2-92627-A-27.wav,2,27,brushing_teeth,False,92627,A,1
1-12653-A-15.wav,1,15,water_drops,False,12653,A,1
2-77347-A-46.wav,2,46,church_bells,False,77347,A,0
5-204352-B-13.wav,5,13,crickets,False,204352,B,0
5-263775-B-26.wav,5,26,laughing,False,263775,B,0
1-68628-A-27.wav,1,27,brushing_teeth,False,68628,A,1
2-122066-A-45.wav,2,45,train,False,122066,A,0
2-50667-A-41.wav,2,41,chainsaw,True,50667,A,0
4-215635-A-34.wav,4,34,can_opening,False,215635,A,1
4-59579-B-20.wav,4,20,crying_baby,True,59579,B,0
1-50688-A-17.wav,1,17,pouring_water,False,50688,A,1
5-238938-A-27.wav,5,27,brushing_teeth,False,238938,A,1
4-80761-A-42.wav,4,42,siren,False,80761,A,0
5-209989-A-22.wav,5,22,clapping,False,209989,A,0
5-171118-A-26.wav,5,26,laughing,False,171118,A,0
5-199284-B-45.wav,5,45,train,False,199284,B,0
2-75726-A-6.wav,2,6,hen,False,75726,A,0
1-72195-B-37.wav,1,37,clock_alarm,False,72195,B,0
1-101296-B-19.wav,1,19,thunderstorm,False,101296,B,0
5-212054-A-36.wav,5,36,vacuum_cleaner,False,212054,A,1
4-205526-A-23.wav,4,23,breathing,False,205526,A,0
1-208757-D-2.wav,1,2,pig,False,208757,D,0
3-154378-A-30.wav,3,30,door_wood_knock,False,154378,A,0
1-110537-A-22.wav,1,22,clapping,False,110537,A,0
1-47819-C-5.wav,1,5,cat,False,47819,C,0
5-254832-A-15.wav,5,15,water_drops,False,254832,A,1
5-235893-A-28.wav,5,28,snoring,False,235893,A,0
4-250864-A-8.wav,4,8,sheep,False,250864,A,0
3-161010-A-43.wav,3,43,car_horn,False,161010,A,0
2-108760-A-14.wav,2,14,chirping_birds,False,108760,A,0
5-198373-A-46.wav,5,46,church_bells,False,198373,A,0
5-212734-A-17.wav,5,17,pouring_water,False,212734,A,1
1-49409-B-8.wav,1,8,sheep,False,49409,B,0
5-249748-A-28.wav,5,28,snoring,False,249748,A,0
1-208757-C-2.wav,1,2,pig,False,208757,C,0
1-7057-A-12.wav,1,12,crackling_fire,True,7057,A,1
1-11687-A-47.wav,1,47,airplane,False,11687,A,0
2-89516-A-37.wav,2,37,clock_alarm,False,89516,A,0
3-104958-A-12.wav,3,12,crackling_fire,True,104958,A,1
3-108791-A-18.wav,3,18,toilet_flush,False,108791,A,1
2-64962-A-15.wav,2,15,water_drops,False,64962,A,1
5-251426-B-30.wav,5,30,door_wood_knock,False,251426,B,0
1-97793-A-31.wav,1,31,mouse_click,False,97793,A,0
3-155578-A-14.wav,3,14,chirping_birds,False,155578,A,0
5-222524-A-41.wav,5,41,chainsaw,True,222524,A,0
2-73027-A-10.wav,2,10,rain,True,73027,A,0
5-194930-A-1.wav,5,1,rooster,True,194930,A,0
3-155642-A-11.wav,3,11,sea_waves,True,155642,A,0
1-65483-A-13.wav,1,13,crickets,False,65483,A,0
3-249913-A-25.wav,3,25,footsteps,False,249913,A,0
5-235874-A-28.wav,5,28,snoring,False,235874,A,0
4-168868-A-17.wav,4,17,pouring_water,False,168868,A,1
2-102581-A-29.wav,2,29,drinking_sipping,False,102581,A,1
2-104952-A-16.wav,2,16,wind,False,104952,A,0
5-220026-A-21.wav,5,21,sneezing,True,220026,A,0
4-161127-A-10.wav,4,10,rain,True,161127,A,0
3-118972-B-41.wav,3,41,chainsaw,True,118972,B,0
4-216211-A-14.wav,4,14,chirping_birds,False,216211,A,0
3-151269-A-35.wav,3,35,washing_machine,False,151269,A,1
3-140323-A-29.wav,3,29,drinking_sipping,False,140323,A,1
4-175000-C-40.wav,4,40,helicopter,True,175000,C,0
3-164688-A-38.wav,3,38,clock_tick,True,164688,A,0
3-146964-A-5.wav,3,5,cat,False,146964,A,0
2-87781-A-10.wav,2,10,rain,True,87781,A,0
5-223099-B-32.wav,5,32,keyboard_typing,False,223099,B,0
3-157149-A-10.wav,3,10,rain,True,157149,A,0
5-215634-A-17.wav,5,17,pouring_water,False,215634,A,1
3-124925-A-9.wav,3,9,crow,False,124925,A,0
4-172733-A-36.wav,4,36,vacuum_cleaner,False,172733,A,1
3-119120-B-48.wav,3,48,fireworks,False,119120,B,0
3-120526-A-37.wav,3,37,clock_alarm,False,120526,A,0
5-250258-A-49.wav,5,49,hand_saw,False,250258,A,0
4-172742-A-32.wav,4,32,keyboard_typing,False,172742,A,0
1-18074-B-6.wav,1,6,hen,False,18074,B,0
3-157492-A-45.wav,3,45,train,False,157492,A,0
3-126113-A-26.wav,3,26,laughing,False,126113,A,0
1-18074-A-6.wav,1,6,hen,False,18074,A,0
3-98771-A-18.wav,3,18,toilet_flush,False,98771,A,1
3-154781-A-32.wav,3,32,keyboard_typing,False,154781,A,0
1-18757-A-4.wav,1,4,frog,False,18757,A,0
2-109505-A-21.wav,2,21,sneezing,True,109505,A,0
5-182404-A-18.wav,5,18,toilet_flush,False,182404,A,1
4-147240-B-2.wav,4,2,pig,False,147240,B,0
3-171012-A-38.wav,3,38,clock_tick,True,171012,A,0
2-85471-A-34.wav,2,34,can_opening,False,85471,A,1
4-186962-A-44.wav,4,44,engine,False,186962,A,0
1-119125-A-45.wav,1,45,train,False,119125,A,0
4-119720-A-18.wav,4,18,toilet_flush,False,119720,A,1
3-146186-A-44.wav,3,44,engine,False,146186,A,0
4-164206-A-10.wav,4,10,rain,True,164206,A,0
4-172736-A-36.wav,4,36,vacuum_cleaner,False,172736,A,1
5-170338-A-41.wav,5,41,chainsaw,True,170338,A,0
2-158746-C-2.wav,2,2,pig,False,158746,C,0
5-195557-A-19.wav,5,19,thunderstorm,False,195557,A,0
5-205090-A-32.wav,5,32,keyboard_typing,False,205090,A,0
1-49098-A-35.wav,1,35,washing_machine,False,49098,A,1
5-213836-B-9.wav,5,9,crow,False,213836,B,0
1-94231-A-32.wav,1,32,keyboard_typing,False,94231,A,0
1-79113-A-5.wav,1,5,cat,False,79113,A,0
3-117504-B-16.wav,3,16,wind,False,117504,B,0
1-54918-B-14.wav,1,14,chirping_birds,False,54918,B,0
5-160614-B-48.wav,5,48,fireworks,False,160614,B,0
2-106487-A-44.wav,2,44,engine,False,106487,A,0
5-243450-A-14.wav,5,14,chirping_birds,False,243450,A,0
4-191015-A-43.wav,4,43,car_horn,False,191015,A,0
1-38559-A-14.wav,1,14,chirping_birds,False,38559,A,0
2-70938-A-42.wav,2,42,siren,False,70938,A,0
1-85909-A-29.wav,1,29,drinking_sipping,False,85909,A,1
3-117883-A-37.wav,3,37,clock_alarm,False,117883,A,0
4-126532-A-18.wav,4,18,toilet_flush,False,126532,A,1
4-165813-B-19.wav,4,19,thunderstorm,False,165813,B,0
5-182010-A-36.wav,5,36,vacuum_cleaner,False,182010,A,1
3-94344-A-25.wav,3,25,footsteps,False,94344,A,0
2-81970-C-7.wav,2,7,insects,False,81970,C,0
2-128465-B-43.wav,2,43,car_horn,False,128465,B,0
2-152895-A-31.wav,2,31,mouse_click,False,152895,A,0
4-164243-A-26.wav,4,26,laughing,False,164243,A,0
4-181999-A-36.wav,4,36,vacuum_cleaner,False,181999,A,1
1-67432-A-27.wav,1,27,brushing_teeth,False,67432,A,1
3-103401-A-33.wav,3,33,door_wood_creaks,False,103401,A,0
1-104089-B-22.wav,1,22,clapping,False,104089,B,0
3-197408-B-8.wav,3,8,sheep,False,197408,B,0
4-186940-A-44.wav,4,44,engine,False,186940,A,0
1-39901-B-11.wav,1,11,sea_waves,True,39901,B,0
5-244178-A-32.wav,5,32,keyboard_typing,False,244178,A,0
4-163609-A-16.wav,4,16,wind,False,163609,A,0
3-51731-A-42.wav,3,42,siren,False,51731,A,0
4-161105-A-47.wav,4,47,airplane,False,161105,A,0
4-194979-A-25.wav,4,25,footsteps,False,194979,A,0
5-179865-A-43.wav,5,43,car_horn,False,179865,A,0
3-144128-A-23.wav,3,23,breathing,False,144128,A,0
2-37806-C-40.wav,2,40,helicopter,True,37806,C,0
4-107117-A-33.wav,4,33,door_wood_creaks,False,107117,A,0
4-119648-B-48.wav,4,48,fireworks,False,119648,B,0
2-51630-B-49.wav,2,49,hand_saw,False,51630,B,0
3-147343-A-34.wav,3,34,can_opening,False,147343,A,1
3-197408-A-8.wav,3,8,sheep,False,197408,A,0
4-136381-A-9.wav,4,9,crow,False,136381,A,0
1-72195-A-37.wav,1,37,clock_alarm,False,72195,A,0
4-195451-A-44.wav,4,44,engine,False,195451,A,0
5-251963-A-47.wav,5,47,airplane,False,251963,A,0
1-103298-A-9.wav,1,9,crow,False,103298,A,0
1-73585-A-7.wav,1,7,insects,False,73585,A,0
4-108352-A-33.wav,4,33,door_wood_creaks,False,108352,A,0
2-196688-A-8.wav,2,8,sheep,False,196688,A,0
4-195707-A-13.wav,4,13,crickets,False,195707,A,0
3-156581-B-14.wav,3,14,chirping_birds,False,156581,B,0
1-34497-A-14.wav,1,14,chirping_birds,False,34497,A,0
5-188655-A-10.wav,5,10,rain,True,188655,A,0
2-60900-A-22.wav,2,22,clapping,False,60900,A,0
1-30043-A-26.wav,1,26,laughing,False,30043,A,0
5-200329-A-8.wav,5,8,sheep,False,200329,A,0
4-144083-B-16.wav,4,16,wind,False,144083,B,0
2-121909-A-35.wav,2,35,washing_machine,False,121909,A,1
1-101404-A-34.wav,1,34,can_opening,False,101404,A,1
1-87565-A-29.wav,1,29,drinking_sipping,False,87565,A,1
1-53663-A-24.wav,1,24,coughing,False,53663,A,0
1-36164-A-26.wav,1,26,laughing,False,36164,A,0
3-163288-A-1.wav,3,1,rooster,True,163288,A,0
2-98676-A-24.wav,2,24,coughing,False,98676,A,0
3-144692-A-21.wav,3,21,sneezing,True,144692,A,0
1-1791-A-26.wav,1,26,laughing,False,1791,A,0
1-254507-A-43.wav,1,43,car_horn,False,254507,A,0
4-67358-A-42.wav,4,42,siren,False,67358,A,0
3-105235-A-7.wav,3,7,insects,False,105235,A,0
5-212736-A-17.wav,5,17,pouring_water,False,212736,A,1
5-211408-A-37.wav,5,37,clock_alarm,False,211408,A,0
5-250026-B-30.wav,5,30,door_wood_knock,False,250026,B,0
2-87412-A-24.wav,2,24,coughing,False,87412,A,0
5-179868-A-43.wav,5,43,car_horn,False,179868,A,0
4-128659-A-33.wav,4,33,door_wood_creaks,False,128659,A,0
5-160614-G-48.wav,5,48,fireworks,False,160614,G,0
3-144253-A-29.wav,3,29,drinking_sipping,False,144253,A,1
3-122110-A-46.wav,3,46,church_bells,False,122110,A,0
2-109371-B-16.wav,2,16,wind,False,109371,B,0
3-140774-A-10.wav,3,10,rain,True,140774,A,0
4-167063-C-11.wav,4,11,sea_waves,True,167063,C,0
1-59102-A-13.wav,1,13,crickets,False,59102,A,0
2-114609-B-28.wav,2,28,snoring,False,114609,B,0
4-144468-A-27.wav,4,27,brushing_teeth,False,144468,A,1
4-172732-A-36.wav,4,36,vacuum_cleaner,False,172732,A,1
5-156999-E-19.wav,5,19,thunderstorm,False,156999,E,0
3-118656-A-41.wav,3,41,chainsaw,True,118656,A,0
1-79711-A-32.wav,1,32,keyboard_typing,False,79711,A,0
2-83270-A-13.wav,2,13,crickets,False,83270,A,0
5-192191-A-19.wav,5,19,thunderstorm,False,192191,A,0
2-51630-A-49.wav,2,49,hand_saw,False,51630,A,0
2-138465-A-43.wav,2,43,car_horn,False,138465,A,0
4-195497-A-11.wav,4,11,sea_waves,True,195497,A,0
2-173618-A-39.wav,2,39,glass_breaking,False,173618,A,1
5-218494-A-22.wav,5,22,clapping,False,218494,A,0
5-197121-B-45.wav,5,45,train,False,197121,B,0
2-209474-A-25.wav,2,25,footsteps,False,209474,A,0
1-43807-A-47.wav,1,47,airplane,False,43807,A,0
2-120218-A-30.wav,2,30,door_wood_knock,False,120218,A,0
1-155858-A-25.wav,1,25,footsteps,False,155858,A,0
5-234335-A-23.wav,5,23,breathing,False,234335,A,0
3-110913-A-7.wav,3,7,insects,False,110913,A,0
1-977-A-39.wav,1,39,glass_breaking,False,977,A,1
5-209833-A-38.wav,5,38,clock_tick,True,209833,A,0
5-213802-A-12.wav,5,12,crackling_fire,True,213802,A,1
4-161579-B-40.wav,4,40,helicopter,True,161579,B,0
1-31748-A-21.wav,1,21,sneezing,True,31748,A,0
3-119459-A-26.wav,3,26,laughing,False,119459,A,0
3-145719-A-17.wav,3,17,pouring_water,False,145719,A,1
4-208021-A-1.wav,4,1,rooster,True,208021,A,0
3-131943-A-37.wav,3,37,clock_alarm,False,131943,A,0
3-259622-A-44.wav,3,44,engine,False,259622,A,0
2-95258-A-1.wav,2,1,rooster,True,95258,A,0
1-24076-A-43.wav,1,43,car_horn,False,24076,A,0
4-166661-A-10.wav,4,10,rain,True,166661,A,0
1-115920-A-22.wav,1,22,clapping,False,115920,A,0
2-117330-A-28.wav,2,28,snoring,False,117330,A,0
4-146200-A-36.wav,4,36,vacuum_cleaner,False,146200,A,1
2-101676-A-10.wav,2,10,rain,True,101676,A,0
1-30344-A-0.wav,1,0,dog,True,30344,A,0
1-57163-A-38.wav,1,38,clock_tick,True,57163,A,0
5-213855-A-0.wav,5,0,dog,True,213855,A,0
4-188033-A-38.wav,4,38,clock_tick,True,188033,A,0
2-137162-A-11.wav,2,11,sea_waves,True,137162,A,0
4-182041-A-30.wav,4,30,door_wood_knock,False,182041,A,0
1-47819-A-5.wav,1,5,cat,False,47819,A,0
1-67033-A-37.wav,1,37,clock_alarm,False,67033,A,0
1-115920-B-22.wav,1,22,clapping,False,115920,B,0
3-62878-B-42.wav,3,42,siren,False,62878,B,0
2-85945-A-18.wav,2,18,toilet_flush,False,85945,A,1
3-68630-C-40.wav,3,40,helicopter,True,68630,C,0
1-181071-B-40.wav,1,40,helicopter,True,181071,B,0
2-43806-A-42.wav,2,42,siren,False,43806,A,0
2-173559-A-39.wav,2,39,glass_breaking,False,173559,A,1
3-150363-A-38.wav,3,38,clock_tick,True,150363,A,0
2-102414-F-17.wav,2,17,pouring_water,False,102414,F,1
1-49409-A-8.wav,1,8,sheep,False,49409,A,0
1-27403-A-28.wav,1,28,snoring,False,27403,A,0
5-198891-B-8.wav,5,8,sheep,False,198891,B,0
1-25781-A-48.wav,1,48,fireworks,False,25781,A,0
3-253084-B-2.wav,3,2,pig,False,253084,B,0
4-253649-A-6.wav,4,6,hen,False,253649,A,0
